customer_id,gender,age,annual_income,spending_score
2,Male,66.0,144.0,47.0
3,Male,44.0,59.0,14.0
4,Female,56.0,25.0,12.0
5,Male,56.0,78.0,1.0
6,Male,68.0,127.0,40.0
7,Male,57.0,127.0,57.0
8,Male,32.0,149.0,47.0
9,Female,67.0,148.0,98.0
10,Male,51.0,55.0,35.0
11,Female,42.0,108.0,14.0
12,Female,46.0,110.0,17.0
13,Female,46.0,87.0,12.0
14,Male,37.0,114.0,24.0
15,Female,55.0,119.0,56.0
16,Female,45.0,101.0,58.0
17,Male,37.0,28.0,72.0
18,Male,54.0,100.0,72.0
19,Male,57.0,31.0,66.0
20,Male,21.0,99.0,53.0
22,Female,65.0,113.0,4.0
23,Female,24.0,87.0,12.0
24,Male,66.0,79.0,46.0
25,Female,31.0,53.0,71.0
26,Male,58.0,100.0,12.0
27,Female,31.0,35.0,77.0
28,Female,34.0,51.0,77.0
29,Female,60.0,104.0,42.0
30,Female,23.0,94.0,50.0
32,Male,33.0,48.0,38.0
33,Female,29.0,36.0,53.0
34,Female,53.0,94.0,50.0
35,Male,22.0,111.0,100.0
37,Male,18.0,47.0,93.0
38,Female,44.0,149.0,72.0
40,Male,62.0,123.0,74.0
41,Male,56.0,145.0,67.0
42,Male,48.0,107.0,22.0
43,Male,36.0,19.0,88.0
44,Male,20.0,107.0,49.0
45,Male,32.0,94.0,22.0
46,Male,36.0,61.0,18.0
47,Female,63.0,69.0,35.0
48,Male,36.0,102.0,39.0
49,Male,62.0,139.0,35.0
50,Male,47.0,64.0,64.0
51,Female,22.0,72.0,19.0
52,Male,61.0,50.0,9.0
53,Male,32.0,54.0,22.0
54,Female,34.0,34.0,56.0
55,Female,68.0,90.0,36.0
56,Female,68.0,40.0,54.0
57,Male,58.0,144.0,39.0
59,Male,60.0,24.0,10.0
61,Male,30.0,48.0,33.0
62,Female,45.0,111.0,32.0
64,Male,52.0,56.0,81.0
65,Female,32.0,61.0,64.0
66,Male,59.0,57.0,77.0
67,Female,27.0,127.0,79.0
68,Male,35.0,26.0,26.0
69,Male,70.0,120.0,59.0
70,Female,27.0,108.0,14.0
71,Male,22.0,75.0,18.0
72,Male,21.0,128.0,39.0
73,Male,28.0,87.0,1.0
74,Male,68.0,129.0,51.0
75,Male,37.0,74.0,43.0
76,Female,56.0,76.0,80.0
77,Male,65.0,94.0,49.0
78,Female,70.0,135.0,43.0
79,Female,54.0,64.0,57.0
80,Male,36.0,109.0,43.0
81,Male,46.0,127.0,56.0
82,Male,25.0,133.0,84.0
83,Male,47.0,87.0,77.0
84,Male,62.0,112.0,18.0
85,Female,37.0,143.0,39.0
86,Male,62.0,150.0,42.0
87,Female,43.0,122.0,78.0
88,Female,35.0,56.0,89.0
89,Female,50.0,66.0,26.0
90,Male,52.0,50.0,62.0
91,Female,49.0,79.0,41.0
92,Female,46.0,28.0,23.0
93,Male,23.0,138.0,51.0
94,Female,56.0,110.0,41.0
95,Female,20.0,41.0,38.0
96,Male,45.0,147.0,95.0
97,Male,65.0,46.0,89.0
98,Female,38.0,87.0,82.0
99,Female,56.0,36.0,63.0
100,Male,34.0,56.0,74.0
101,Female,19.0,84.0,32.0
102,Female,23.0,130.0,42.0
104,Male,61.0,52.0,36.0
105,Female,54.0,126.0,51.0
106,Male,55.0,38.0,47.0
107,Male,19.0,71.0,15.0
108,Male,66.0,130.0,73.0
109,Male,61.0,104.0,26.0
110,Male,70.0,21.0,76.0
111,Female,35.0,121.0,70.0
112,Male,54.0,28.0,24.0
113,Male,20.0,116.0,88.0
114,Male,66.0,143.0,99.0
115,Female,66.0,110.0,71.0
116,Female,29.0,75.0,4.0
117,Male,48.0,113.0,94.0
118,Male,51.0,35.0,60.0
119,Female,59.0,110.0,91.0
120,Female,46.0,72.0,27.0
121,Female,35.0,22.0,57.0
122,Female,29.0,96.0,38.0
123,Female,55.0,40.0,89.0
124,Male,45.0,100.0,9.0
125,Male,58.0,52.0,53.0
126,Male,70.0,50.0,87.0
127,Male,49.0,24.0,64.0
128,Female,23.0,88.0,18.0
129,Female,48.0,135.0,82.0
130,Female,40.0,50.0,39.0
131,Male,44.0,135.0,31.0
132,Female,39.0,129.0,33.0
133,Female,38.0,16.0,85.0
134,Female,60.0,35.0,20.0
135,Female,24.0,19.0,92.0
136,Female,28.0,80.0,55.0
137,Male,39.0,70.0,49.0
138,Male,44.0,53.0,10.0
139,Male,62.0,150.0,58.0
140,Female,49.0,123.0,77.0
142,Male,60.0,88.0,75.0
143,Male,43.0,75.0,52.0
144,Male,70.0,92.0,69.0
145,Male,66.0,46.0,65.0
146,Female,53.0,27.0,89.0
147,Male,20.0,76.0,54.0
148,Female,47.0,122.0,70.0
149,Female,23.0,132.0,5.0
150,Female,38.0,31.0,47.0
151,Male,34.0,43.0,90.0
152,Female,38.0,142.0,69.0
153,Female,25.0,19.0,77.0
154,Female,67.0,146.0,82.0
155,Female,43.0,76.0,11.0
156,Female,50.0,51.0,14.0
157,Male,70.0,89.0,99.0
158,Female,18.0,124.0,32.0
159,Male,60.0,15.0,85.0
160,Female,52.0,105.0,86.0
161,Female,47.0,76.0,46.0
162,Male,44.0,121.0,22.0
163,Female,21.0,62.0,83.0
164,Female,30.0,36.0,79.0
165,Male,51.0,149.0,6.0
166,Female,41.0,107.0,73.0
167,Male,57.0,32.0,83.0
168,Male,66.0,149.0,87.0
169,Male,49.0,144.0,83.0
170,Female,58.0,144.0,52.0
171,Male,46.0,20.0,97.0
172,Female,66.0,114.0,43.0
173,Male,21.0,135.0,56.0
174,Female,31.0,26.0,14.0
175,Female,35.0,114.0,2.0
176,Male,53.0,110.0,13.0
178,Male,36.0,19.0,29.0
179,Female,46.0,106.0,66.0
182,Male,25.0,76.0,72.0
183,Female,19.0,41.0,75.0
184,Female,58.0,100.0,89.0
186,Male,69.0,26.0,29.0
187,Male,33.0,105.0,58.0
188,Male,63.0,101.0,48.0
189,Male,28.0,59.0,51.0
190,Female,37.0,133.0,60.0
191,Female,53.0,137.0,99.0
192,Male,18.0,61.0,87.0
193,Female,53.0,49.0,76.0
194,Male,44.0,31.0,89.0
195,Female,23.0,132.0,65.0
196,Male,32.0,24.0,20.0
197,Male,25.0,90.0,45.0
198,Male,47.0,66.0,4.0
199,Male,25.0,26.0,62.0
200,Male,59.0,66.0,14.0
201,Male,27.0,25.0,38.0
202,Male,49.0,95.0,54.0
203,Female,63.0,94.0,11.0
204,Male,36.0,146.0,15.0
206,Female,63.0,136.0,19.0
207,Female,35.0,79.0,45.0
208,Male,44.0,24.0,40.0
209,Female,48.0,63.0,44.0
210,Male,48.0,88.0,59.0
211,Male,33.0,106.0,27.0
212,Female,47.0,27.0,67.0
213,Female,53.0,99.0,62.0
214,Female,27.0,84.0,45.0
215,Male,42.0,46.0,61.0
216,Male,30.0,109.0,13.0
217,Female,56.0,126.0,57.0
218,Female,50.0,117.0,93.0
219,Female,65.0,127.0,90.0
221,Female,22.0,101.0,41.0
222,Female,35.0,62.0,9.0
223,Female,67.0,142.0,39.0
224,Male,68.0,142.0,6.0
225,Female,44.0,109.0,91.0
226,Male,39.0,147.0,15.0
227,Female,68.0,83.0,3.0
228,Female,50.0,36.0,44.0
229,Female,35.0,123.0,83.0
230,Male,70.0,35.0,14.0
231,Female,18.0,125.0,87.0
232,Female,36.0,61.0,22.0
233,Female,64.0,90.0,95.0
234,Male,37.0,97.0,32.0
235,Male,55.0,41.0,67.0
236,Male,55.0,35.0,23.0
237,Male,60.0,98.0,71.0
238,Male,49.0,90.0,21.0
239,Male,27.0,93.0,43.0
240,Female,46.0,129.0,72.0
241,Female,52.0,124.0,55.0
242,Male,48.0,57.0,60.0
243,Female,40.0,128.0,30.0
244,Male,39.0,104.0,52.0
245,Male,53.0,129.0,81.0
246,Male,66.0,25.0,24.0
247,Female,52.0,105.0,24.0
248,Female,42.0,126.0,82.0
249,Male,47.0,85.0,85.0
250,Male,38.0,29.0,56.0
251,Male,30.0,34.0,51.0
252,Male,62.0,118.0,4.0
253,Male,33.0,108.0,95.0
254,Male,54.0,146.0,79.0
255,Female,42.0,55.0,26.0
256,Male,32.0,22.0,58.0
257,Male,67.0,51.0,76.0
258,Female,44.0,127.0,55.0
259,Female,20.0,23.0,50.0
260,Male,38.0,47.0,1.0
261,Female,65.0,32.0,91.0
262,Male,48.0,75.0,28.0
263,Female,63.0,108.0,27.0
264,Female,69.0,107.0,36.0
265,Female,42.0,113.0,97.0
266,Female,42.0,23.0,91.0
267,Male,60.0,54.0,9.0
268,Female,68.0,130.0,74.0
269,Female,70.0,109.0,14.0
270,Male,59.0,110.0,69.0
271,Male,27.0,128.0,24.0
272,Male,49.0,34.0,47.0
274,Female,26.0,150.0,26.0
275,Male,50.0,108.0,59.0
276,Female,55.0,116.0,15.0
277,Female,39.0,95.0,34.0
278,Female,24.0,86.0,86.0
279,Female,46.0,78.0,63.0
280,Male,24.0,44.0,68.0
281,Female,51.0,21.0,82.0
283,Female,18.0,142.0,77.0
284,Male,64.0,147.0,50.0
285,Male,27.0,114.0,79.0
286,Female,44.0,45.0,51.0
288,Male,27.0,81.0,15.0
289,Male,22.0,129.0,45.0
290,Male,48.0,69.0,46.0
291,Male,68.0,88.0,59.0
292,Male,34.0,140.0,80.0
293,Female,39.0,66.0,23.0
294,Female,57.0,46.0,87.0
295,Male,62.0,49.0,91.0
296,Female,43.0,33.0,39.0
297,Male,59.0,130.0,79.0
298,Male,23.0,59.0,76.0
299,Female,39.0,128.0,11.0
300,Male,61.0,37.0,87.0
301,Male,52.0,96.0,18.0
302,Female,42.0,103.0,41.0
303,Female,38.0,31.0,16.0
304,Male,58.0,89.0,31.0
305,Male,63.0,91.0,40.0
306,Female,66.0,55.0,15.0
307,Female,49.0,59.0,24.0
308,Male,52.0,107.0,48.0
309,Male,20.0,145.0,89.0
310,Male,57.0,72.0,19.0
311,Male,22.0,46.0,66.0
312,Female,33.0,66.0,50.0
313,Female,58.0,50.0,54.0
314,Female,61.0,75.0,77.0
315,Male,36.0,141.0,18.0
316,Female,32.0,21.0,74.0
317,Male,65.0,107.0,50.0
318,Male,23.0,109.0,55.0
319,Female,45.0,134.0,24.0
320,Male,24.0,48.0,63.0
321,Female,66.0,37.0,82.0
322,Male,58.0,31.0,69.0
323,Female,63.0,94.0,89.0
324,Male,24.0,116.0,83.0
325,Female,46.0,137.0,23.0
326,Female,28.0,149.0,72.0
328,Female,37.0,119.0,63.0
329,Female,19.0,33.0,37.0
330,Female,20.0,47.0,18.0
331,Female,38.0,96.0,24.0
332,Male,68.0,33.0,41.0
333,Male,21.0,130.0,58.0
334,Male,36.0,134.0,80.0
335,Male,40.0,147.0,7.0
336,Male,41.0,103.0,46.0
337,Female,45.0,47.0,2.0
338,Female,27.0,61.0,63.0
339,Female,33.0,48.0,18.0
340,Male,51.0,125.0,25.0
341,Female,44.0,143.0,50.0
342,Male,54.0,29.0,72.0
343,Male,61.0,46.0,65.0
344,Male,68.0,147.0,84.0
345,Female,29.0,54.0,64.0
346,Female,28.0,92.0,53.0
347,Female,29.0,57.0,88.0
348,Female,23.0,56.0,63.0
350,Male,42.0,72.0,91.0
351,Female,57.0,103.0,57.0
352,Male,61.0,147.0,63.0
354,Male,49.0,35.0,11.0
355,Female,55.0,79.0,73.0
356,Male,27.0,65.0,4.0
357,Female,32.0,85.0,98.0
358,Male,47.0,47.0,29.0
359,Female,58.0,92.0,38.0
360,Male,34.0,38.0,5.0
361,Female,47.0,143.0,36.0
362,Male,34.0,58.0,29.0
363,Female,60.0,54.0,69.0
365,Male,69.0,101.0,22.0
366,Female,47.0,25.0,100.0
367,Male,36.0,22.0,59.0
368,Female,61.0,35.0,73.0
369,Female,52.0,26.0,96.0
370,Female,28.0,82.0,99.0
371,Female,22.0,68.0,99.0
372,Female,46.0,121.0,64.0
373,Male,40.0,22.0,71.0
374,Male,55.0,142.0,66.0
375,Male,37.0,89.0,15.0
376,Female,58.0,92.0,74.0
377,Female,45.0,138.0,15.0
378,Male,62.0,77.0,35.0
379,Male,34.0,118.0,100.0
380,Male,47.0,91.0,70.0
381,Female,37.0,131.0,47.0
382,Male,30.0,33.0,70.0
383,Female,42.0,30.0,97.0
384,Female,48.0,55.0,6.0
385,Male,24.0,127.0,98.0
386,Female,33.0,121.0,93.0
387,Male,42.0,138.0,57.0
388,Male,54.0,133.0,70.0
389,Male,40.0,67.0,28.0
390,Female,54.0,102.0,55.0
391,Female,36.0,51.0,14.0
393,Male,36.0,96.0,84.0
394,Male,19.0,103.0,97.0
395,Female,60.0,117.0,32.0
396,Male,43.0,48.0,39.0
397,Female,35.0,109.0,5.0
399,Male,54.0,42.0,34.0
400,Male,61.0,96.0,45.0
401,Male,67.0,76.0,12.0
402,Male,65.0,134.0,57.0
403,Male,21.0,46.0,16.0
404,Male,56.0,83.0,100.0
405,Male,65.0,130.0,31.0
406,Female,49.0,78.0,27.0
407,Female,36.0,51.0,95.0
408,Female,67.0,39.0,76.0
409,Male,69.0,27.0,89.0
410,Female,32.0,89.0,45.0
411,Female,56.0,113.0,91.0
412,Female,69.0,122.0,79.0
413,Male,40.0,78.0,81.0
414,Female,32.0,55.0,55.0
415,Female,58.0,98.0,22.0
416,Male,30.0,95.0,79.0
417,Female,57.0,63.0,18.0
418,Male,34.0,55.0,27.0
419,Male,61.0,142.0,27.0
420,Male,66.0,146.0,8.0
421,Male,64.0,134.0,73.0
422,Male,67.0,142.0,45.0
423,Female,60.0,93.0,69.0
424,Female,61.0,142.0,36.0
425,Male,26.0,20.0,77.0
426,Male,58.0,38.0,69.0
427,Male,24.0,115.0,22.0
428,Female,58.0,144.0,42.0
429,Male,59.0,132.0,91.0
430,Female,20.0,76.0,38.0
431,Male,37.0,70.0,38.0
432,Male,68.0,105.0,74.0
433,Female,46.0,27.0,35.0
434,Female,20.0,27.0,66.0
435,Male,55.0,87.0,87.0
436,Female,41.0,141.0,13.0
437,Female,64.0,135.0,18.0
438,Male,26.0,88.0,97.0
439,Male,23.0,17.0,53.0
440,Male,36.0,42.0,8.0
441,Female,38.0,125.0,36.0
442,Female,65.0,49.0,84.0
443,Male,44.0,82.0,17.0
444,Male,29.0,108.0,90.0
445,Male,30.0,118.0,17.0
446,Male,26.0,108.0,32.0
447,Male,68.0,26.0,19.0
448,Female,52.0,117.0,92.0
449,Male,41.0,28.0,42.0
450,Male,51.0,64.0,32.0
451,Female,50.0,107.0,98.0
452,Female,35.0,88.0,87.0
453,Female,28.0,33.0,51.0
454,Female,34.0,113.0,63.0
455,Female,70.0,144.0,19.0
456,Female,48.0,130.0,74.0
458,Male,36.0,45.0,35.0
459,Male,65.0,47.0,81.0
460,Female,39.0,39.0,54.0
461,Male,69.0,115.0,49.0
462,Female,25.0,110.0,58.0
463,Male,47.0,101.0,10.0
464,Male,22.0,108.0,82.0
465,Female,27.0,51.0,99.0
466,Female,66.0,65.0,12.0
467,Male,32.0,145.0,52.0
468,Female,61.0,117.0,66.0
469,Male,64.0,143.0,96.0
470,Male,61.0,25.0,36.0
471,Male,43.0,26.0,89.0
472,Male,69.0,24.0,48.0
473,Male,53.0,50.0,59.0
474,Male,41.0,100.0,63.0
475,Male,23.0,136.0,42.0
476,Female,68.0,147.0,75.0
477,Male,43.0,131.0,1.0
478,Female,18.0,53.0,100.0
479,Male,34.0,146.0,94.0
480,Male,52.0,50.0,12.0
481,Female,25.0,98.0,94.0
482,Female,47.0,96.0,59.0
483,Female,41.0,56.0,82.0
484,Female,61.0,115.0,86.0
485,Male,65.0,91.0,90.0
486,Male,61.0,101.0,46.0
487,Male,34.0,144.0,9.0
488,Male,55.0,145.0,69.0
489,Female,42.0,140.0,51.0
490,Male,70.0,91.0,28.0
491,Male,58.0,136.0,55.0
493,Male,24.0,109.0,64.0
494,Female,61.0,99.0,35.0
495,Female,32.0,43.0,42.0
496,Female,48.0,121.0,37.0
497,Male,19.0,93.0,44.0
498,Male,57.0,21.0,71.0
499,Male,53.0,136.0,74.0
500,Female,38.0,82.0,17.0
501,Male,57.0,73.0,73.0
502,Female,32.0,28.0,63.0
503,Male,59.0,137.0,44.0
504,Female,22.0,58.0,88.0
505,Male,58.0,149.0,98.0
506,Male,70.0,112.0,7.0
507,Female,47.0,52.0,6.0
508,Male,62.0,77.0,13.0
509,Male,37.0,23.0,81.0
510,Male,59.0,43.0,59.0
512,Male,25.0,19.0,16.0
513,Female,26.0,127.0,21.0
514,Male,20.0,95.0,57.0
515,Female,20.0,122.0,59.0
516,Male,37.0,53.0,1.0
517,Male,49.0,120.0,55.0
518,Male,25.0,67.0,26.0
519,Male,24.0,120.0,89.0
520,Male,33.0,143.0,17.0
521,Female,52.0,135.0,84.0
522,Female,26.0,30.0,39.0
523,Female,42.0,50.0,21.0
524,Female,47.0,147.0,36.0
525,Female,41.0,68.0,12.0
526,Male,60.0,98.0,84.0
527,Male,65.0,137.0,47.0
528,Male,62.0,149.0,33.0
529,Male,52.0,111.0,11.0
530,Male,44.0,95.0,48.0
531,Female,55.0,59.0,86.0
532,Male,65.0,132.0,84.0
533,Male,64.0,102.0,22.0
534,Male,27.0,105.0,7.0
535,Female,44.0,82.0,51.0
536,Female,59.0,138.0,81.0
537,Male,24.0,64.0,40.0
538,Female,49.0,78.0,93.0
539,Male,57.0,86.0,90.0
540,Female,44.0,91.0,97.0
541,Female,35.0,72.0,30.0
542,Female,20.0,91.0,55.0
544,Female,41.0,68.0,12.0
545,Female,31.0,140.0,91.0
546,Male,46.0,96.0,13.0
547,Male,46.0,137.0,1.0
548,Male,33.0,104.0,28.0
549,Female,41.0,85.0,62.0
550,Female,24.0,88.0,10.0
551,Male,61.0,46.0,17.0
552,Female,41.0,112.0,76.0
553,Female,52.0,116.0,29.0
554,Female,59.0,103.0,67.0
555,Female,40.0,52.0,88.0
557,Female,43.0,25.0,2.0
558,Female,35.0,88.0,2.0
559,Male,30.0,35.0,90.0
560,Male,25.0,103.0,44.0
561,Female,70.0,128.0,16.0
562,Male,47.0,80.0,55.0
563,Female,23.0,137.0,89.0
564,Male,60.0,69.0,17.0
565,Female,31.0,66.0,62.0
566,Male,59.0,84.0,10.0
567,Female,58.0,84.0,30.0
568,Male,56.0,50.0,50.0
569,Female,19.0,42.0,12.0
570,Male,21.0,76.0,94.0
571,Female,68.0,77.0,14.0
572,Male,39.0,27.0,14.0
573,Female,33.0,150.0,41.0
574,Female,26.0,72.0,48.0
575,Male,68.0,74.0,39.0
576,Female,54.0,28.0,18.0
578,Male,22.0,120.0,100.0
579,Female,66.0,99.0,97.0
580,Male,53.0,135.0,18.0
581,Male,31.0,40.0,83.0
582,Female,55.0,50.0,87.0
583,Female,31.0,16.0,19.0
584,Female,70.0,55.0,9.0
585,Female,32.0,119.0,68.0
586,Female,39.0,136.0,73.0
587,Male,67.0,137.0,2.0
588,Female,27.0,66.0,79.0
589,Female,68.0,88.0,84.0
591,Female,18.0,88.0,57.0
592,Female,35.0,30.0,45.0
593,Male,27.0,37.0,93.0
594,Male,26.0,74.0,28.0
595,Male,52.0,24.0,81.0
596,Male,34.0,59.0,96.0
597,Female,69.0,121.0,20.0
598,Female,29.0,60.0,53.0
599,Female,25.0,24.0,79.0
600,Female,60.0,116.0,88.0
601,Male,19.0,141.0,57.0
602,Female,26.0,62.0,28.0
603,Female,18.0,89.0,12.0
604,Female,40.0,24.0,13.0
605,Female,68.0,17.0,18.0
606,Male,68.0,91.0,97.0
608,Female,55.0,100.0,76.0
609,Female,38.0,87.0,94.0
610,Male,19.0,131.0,50.0
611,Female,29.0,149.0,45.0
612,Male,34.0,141.0,55.0
613,Male,21.0,49.0,41.0
614,Female,26.0,144.0,18.0
615,Female,65.0,134.0,32.0
616,Female,44.0,84.0,36.0
618,Male,25.0,43.0,11.0
619,Male,65.0,99.0,32.0
620,Male,22.0,56.0,71.0
621,Female,48.0,132.0,77.0
622,Male,46.0,80.0,77.0
623,Male,67.0,62.0,93.0
624,Male,41.0,18.0,78.0
625,Male,50.0,101.0,37.0
626,Male,55.0,90.0,100.0
627,Male,24.0,64.0,89.0
628,Male,46.0,59.0,4.0
629,Female,50.0,118.0,85.0
630,Female,32.0,124.0,39.0
631,Male,57.0,146.0,27.0
632,Female,20.0,98.0,67.0
633,Female,64.0,37.0,78.0
634,Female,68.0,117.0,66.0
635,Female,60.0,39.0,25.0
636,Male,51.0,62.0,96.0
637,Female,37.0,50.0,51.0
638,Female,47.0,137.0,38.0
639,Female,59.0,97.0,83.0
640,Female,19.0,78.0,7.0
641,Female,21.0,16.0,31.0
642,Male,48.0,81.0,64.0
643,Male,43.0,113.0,50.0
644,Female,45.0,75.0,15.0
645,Female,61.0,129.0,31.0
647,Male,49.0,99.0,82.0
648,Female,63.0,92.0,77.0
649,Male,46.0,17.0,10.0
650,Male,22.0,81.0,68.0
651,Female,23.0,107.0,2.0
652,Female,38.0,75.0,47.0
653,Female,56.0,30.0,41.0
654,Male,27.0,45.0,17.0
655,Female,22.0,134.0,50.0
656,Male,26.0,93.0,73.0
657,Male,35.0,55.0,54.0
658,Female,57.0,118.0,47.0
659,Male,58.0,143.0,70.0
660,Female,55.0,94.0,88.0
661,Female,53.0,45.0,23.0
662,Female,63.0,90.0,98.0
664,Female,42.0,71.0,99.0
665,Male,56.0,71.0,10.0
666,Female,51.0,49.0,3.0
667,Female,36.0,137.0,76.0
668,Female,47.0,54.0,9.0
669,Female,50.0,131.0,2.0
670,Female,56.0,110.0,34.0
671,Female,45.0,121.0,28.0
672,Female,24.0,135.0,6.0
674,Female,62.0,78.0,51.0
675,Female,25.0,35.0,65.0
676,Female,59.0,149.0,37.0
677,Male,59.0,129.0,81.0
678,Male,67.0,150.0,92.0
679,Female,53.0,107.0,65.0
680,Male,64.0,34.0,99.0
681,Female,31.0,43.0,54.0
682,Female,45.0,30.0,55.0
683,Female,46.0,144.0,90.0
684,Male,32.0,66.0,52.0
685,Male,44.0,53.0,11.0
686,Female,39.0,57.0,82.0
687,Male,70.0,98.0,69.0
688,Female,47.0,148.0,69.0
689,Male,43.0,128.0,79.0
690,Male,44.0,44.0,20.0
691,Male,64.0,67.0,36.0
692,Male,24.0,140.0,11.0
693,Male,38.0,38.0,40.0
694,Female,45.0,145.0,11.0
695,Male,38.0,129.0,66.0
696,Male,60.0,29.0,27.0
697,Male,34.0,131.0,20.0
698,Male,41.0,48.0,69.0
699,Female,27.0,146.0,42.0
700,Female,61.0,121.0,51.0
701,Male,48.0,131.0,76.0
702,Female,22.0,29.0,82.0
703,Male,23.0,133.0,98.0
704,Male,23.0,93.0,84.0
705,Female,23.0,20.0,88.0
706,Female,45.0,116.0,83.0
707,Male,24.0,80.0,9.0
708,Female,65.0,15.0,40.0
709,Female,65.0,70.0,90.0
710,Female,41.0,33.0,56.0
711,Male,69.0,26.0,94.0
712,Male,26.0,123.0,31.0
713,Female,53.0,103.0,8.0
714,Female,21.0,31.0,32.0
715,Female,55.0,30.0,12.0
716,Female,53.0,32.0,56.0
717,Male,53.0,135.0,15.0
718,Female,39.0,23.0,59.0
719,Female,60.0,88.0,79.0
720,Female,25.0,119.0,78.0
722,Male,40.0,49.0,40.0
723,Male,60.0,122.0,86.0
724,Female,66.0,110.0,95.0
725,Female,45.0,112.0,85.0
726,Female,64.0,129.0,95.0
727,Female,21.0,111.0,23.0
728,Female,36.0,111.0,16.0
729,Female,56.0,35.0,2.0
730,Female,37.0,49.0,91.0
731,Male,40.0,104.0,18.0
732,Female,24.0,45.0,90.0
733,Male,54.0,60.0,2.0
734,Male,50.0,115.0,21.0
735,Female,31.0,150.0,64.0
736,Female,27.0,47.0,45.0
737,Male,60.0,72.0,67.0
738,Female,48.0,15.0,67.0
739,Male,32.0,20.0,93.0
740,Female,24.0,91.0,34.0
741,Female,40.0,133.0,22.0
742,Female,53.0,123.0,48.0
743,Female,41.0,112.0,17.0
744,Male,25.0,73.0,96.0
745,Female,66.0,78.0,100.0
746,Male,35.0,132.0,35.0
747,Female,54.0,103.0,94.0
748,Female,32.0,54.0,16.0
749,Male,69.0,85.0,99.0
750,Female,45.0,63.0,4.0
751,Female,53.0,43.0,43.0
752,Female,67.0,23.0,55.0
753,Female,70.0,122.0,35.0
754,Male,57.0,19.0,68.0
755,Male,57.0,76.0,9.0
756,Female,61.0,67.0,34.0
757,Female,59.0,32.0,92.0
758,Male,53.0,40.0,74.0
759,Female,19.0,23.0,81.0
760,Male,56.0,129.0,10.0
761,Male,60.0,27.0,64.0
762,Male,62.0,77.0,59.0
763,Female,35.0,26.0,66.0
764,Male,19.0,117.0,47.0
765,Male,29.0,127.0,8.0
766,Female,35.0,74.0,64.0
767,Male,62.0,70.0,73.0
768,Male,66.0,29.0,22.0
769,Female,37.0,50.0,48.0
770,Male,39.0,143.0,21.0
771,Female,40.0,89.0,33.0
772,Male,18.0,74.0,99.0
773,Male,29.0,96.0,14.0
774,Female,27.0,97.0,74.0
775,Male,54.0,75.0,87.0
776,Female,60.0,92.0,93.0
777,Female,43.0,51.0,15.0
778,Male,22.0,148.0,30.0
779,Male,27.0,71.0,95.0
780,Male,65.0,120.0,66.0
781,Female,58.0,91.0,1.0
782,Male,19.0,85.0,6.0
784,Male,65.0,59.0,32.0
785,Male,51.0,124.0,6.0
787,Male,42.0,27.0,47.0
788,Male,44.0,103.0,50.0
789,Female,47.0,112.0,20.0
790,Male,39.0,149.0,23.0
791,Male,28.0,96.0,5.0
792,Male,41.0,121.0,71.0
793,Female,37.0,119.0,92.0
794,Female,64.0,53.0,95.0
795,Male,38.0,91.0,84.0
796,Female,67.0,111.0,54.0
797,Male,54.0,62.0,29.0
798,Female,56.0,136.0,42.0
799,Female,23.0,76.0,32.0
800,Male,21.0,72.0,54.0
801,Male,27.0,91.0,93.0
802,Male,28.0,51.0,41.0
803,Female,66.0,133.0,35.0
804,Female,57.0,29.0,10.0
805,Female,21.0,120.0,74.0
806,Female,61.0,121.0,48.0
807,Male,23.0,150.0,16.0
808,Male,35.0,49.0,65.0
809,Male,46.0,114.0,87.0
810,Male,60.0,77.0,7.0
811,Female,45.0,80.0,23.0
812,Male,49.0,67.0,29.0
813,Male,56.0,99.0,67.0
814,Female,46.0,35.0,6.0
815,Female,44.0,130.0,52.0
816,Female,35.0,109.0,9.0
817,Female,31.0,38.0,60.0
818,Female,66.0,63.0,37.0
819,Male,50.0,28.0,100.0
820,Male,25.0,83.0,40.0
821,Female,40.0,111.0,42.0
822,Female,45.0,25.0,12.0
823,Female,25.0,33.0,71.0
824,Male,36.0,63.0,59.0
825,Male,61.0,70.0,2.0
827,Male,55.0,68.0,26.0
828,Female,49.0,100.0,38.0
829,Female,51.0,92.0,73.0
830,Male,60.0,18.0,39.0
831,Female,37.0,69.0,95.0
832,Male,20.0,63.0,80.0
833,Male,32.0,45.0,32.0
834,Female,43.0,137.0,60.0
835,Female,56.0,77.0,48.0
836,Female,21.0,67.0,76.0
837,Male,18.0,116.0,64.0
838,Male,31.0,76.0,99.0
839,Female,37.0,97.0,100.0
840,Female,31.0,87.0,26.0
841,Male,67.0,112.0,94.0
842,Male,26.0,134.0,70.0
843,Female,66.0,106.0,98.0
844,Female,34.0,93.0,32.0
845,Male,36.0,81.0,20.0
846,Female,38.0,107.0,1.0
847,Male,25.0,146.0,53.0
848,Female,18.0,142.0,4.0
849,Female,49.0,134.0,30.0
850,Female,65.0,40.0,70.0
851,Male,45.0,135.0,45.0
852,Female,29.0,96.0,82.0
853,Male,26.0,67.0,89.0
854,Female,42.0,109.0,2.0
855,Female,52.0,95.0,43.0
856,Female,63.0,120.0,1.0
858,Female,50.0,71.0,85.0
859,Female,53.0,52.0,49.0
860,Female,60.0,19.0,95.0
861,Female,69.0,81.0,94.0
862,Female,40.0,121.0,40.0
863,Female,22.0,90.0,14.0
864,Female,43.0,54.0,27.0
865,Male,65.0,65.0,68.0
866,Male,20.0,99.0,31.0
867,Male,45.0,73.0,54.0
868,Male,19.0,112.0,63.0
869,Male,47.0,77.0,8.0
870,Female,22.0,142.0,19.0
871,Male,38.0,101.0,92.0
872,Female,54.0,80.0,36.0
873,Female,45.0,140.0,12.0
874,Female,54.0,140.0,6.0
875,Female,43.0,132.0,30.0
876,Female,63.0,58.0,67.0
877,Male,58.0,105.0,53.0
878,Male,44.0,58.0,90.0
879,Female,36.0,50.0,48.0
880,Male,25.0,140.0,59.0
881,Male,43.0,62.0,96.0
882,Female,19.0,30.0,11.0
883,Male,38.0,149.0,75.0
884,Male,28.0,23.0,13.0
885,Male,69.0,34.0,65.0
886,Male,57.0,27.0,18.0
887,Male,47.0,16.0,82.0
888,Female,62.0,120.0,51.0
889,Female,41.0,50.0,10.0
890,Male,23.0,74.0,76.0
891,Female,45.0,32.0,73.0
892,Male,24.0,53.0,8.0
893,Female,33.0,17.0,56.0
894,Male,45.0,70.0,85.0
895,Male,55.0,144.0,17.0
896,Male,43.0,131.0,31.0
897,Female,51.0,110.0,38.0
898,Female,23.0,30.0,34.0
899,Female,43.0,138.0,41.0
900,Female,37.0,139.0,51.0
901,Male,65.0,19.0,90.0
902,Female,39.0,16.0,95.0
903,Female,32.0,120.0,42.0
905,Female,67.0,19.0,58.0
906,Female,28.0,150.0,35.0
907,Female,22.0,85.0,30.0
908,Male,50.0,88.0,10.0
909,Male,58.0,19.0,26.0
910,Male,25.0,143.0,18.0
911,Male,51.0,125.0,100.0
912,Female,50.0,60.0,99.0
913,Female,30.0,42.0,75.0
914,Male,67.0,39.0,14.0
915,Male,40.0,149.0,20.0
916,Female,40.0,53.0,14.0
917,Female,64.0,76.0,22.0
918,Male,70.0,64.0,58.0
919,Female,59.0,149.0,60.0
920,Female,70.0,79.0,41.0
921,Female,27.0,105.0,53.0
922,Male,33.0,83.0,16.0
923,Female,24.0,116.0,69.0
924,Female,27.0,35.0,46.0
925,Female,34.0,110.0,99.0
926,Male,30.0,118.0,27.0
927,Male,29.0,132.0,58.0
928,Female,56.0,77.0,40.0
929,Female,27.0,72.0,60.0
930,Male,66.0,91.0,34.0
931,Male,66.0,35.0,16.0
932,Male,59.0,23.0,12.0
933,Male,22.0,38.0,21.0
934,Male,29.0,118.0,88.0
935,Female,67.0,112.0,39.0
937,Male,49.0,136.0,90.0
938,Male,47.0,29.0,78.0
939,Female,66.0,17.0,6.0
942,Male,55.0,142.0,19.0
943,Male,46.0,126.0,12.0
944,Male,61.0,99.0,92.0
945,Female,54.0,39.0,32.0
946,Female,59.0,150.0,46.0
947,Male,58.0,25.0,51.0
948,Female,57.0,73.0,66.0
949,Female,38.0,69.0,7.0
950,Female,58.0,136.0,87.0
951,Female,38.0,84.0,39.0
952,Male,27.0,26.0,34.0
953,Male,46.0,34.0,23.0
954,Male,22.0,86.0,4.0
955,Male,48.0,23.0,52.0
956,Male,46.0,60.0,58.0
957,Male,58.0,95.0,72.0
958,Male,37.0,19.0,96.0
959,Male,68.0,68.0,71.0
960,Male,35.0,51.0,32.0
961,Female,55.0,116.0,13.0
962,Female,21.0,34.0,60.0
963,Male,40.0,91.0,14.0
964,Male,50.0,56.0,18.0
965,Male,22.0,76.0,16.0
966,Male,37.0,114.0,2.0
967,Female,47.0,99.0,8.0
968,Male,46.0,113.0,100.0
969,Female,20.0,50.0,29.0
970,Male,21.0,35.0,17.0
972,Female,36.0,103.0,52.0
973,Male,22.0,28.0,48.0
974,Male,59.0,40.0,88.0
975,Female,23.0,126.0,81.0
976,Male,57.0,74.0,83.0
977,Female,56.0,34.0,11.0
978,Female,50.0,102.0,75.0
979,Female,42.0,116.0,76.0
980,Male,47.0,98.0,34.0
981,Male,55.0,22.0,10.0
982,Male,53.0,84.0,3.0
983,Male,68.0,130.0,9.0
984,Female,65.0,140.0,26.0
985,Male,20.0,73.0,83.0
986,Male,46.0,106.0,57.0
987,Female,69.0,111.0,17.0
988,Female,54.0,125.0,12.0
989,Male,59.0,62.0,43.0
990,Female,30.0,112.0,16.0
991,Female,38.0,36.0,6.0
992,Female,56.0,90.0,60.0
993,Male,48.0,78.0,7.0
994,Male,50.0,33.0,22.0
995,Male,27.0,36.0,74.0
996,Female,21.0,83.0,56.0
997,Male,46.0,54.0,93.0
999,Male,69.0,54.0,64.0
1000,Male,39.0,114.0,4.0
